-- MySQL dump 10.19  Distrib 10.3.38-MariaDB, for debian-linux-gnu (x86_64)
--
-- Host: localhost    Database: popelnice
-- ------------------------------------------------------
-- Server version	10.3.38-MariaDB-0ubuntu0.20.04.1

/*!40101 SET @OLD_CHARACTER_SET_CLIENT=@@CHARACTER_SET_CLIENT */;
/*!40101 SET @OLD_CHARACTER_SET_RESULTS=@@CHARACTER_SET_RESULTS */;
/*!40101 SET @OLD_COLLATION_CONNECTION=@@COLLATION_CONNECTION */;
/*!40101 SET NAMES utf8mb4 */;
/*!40103 SET @OLD_TIME_ZONE=@@TIME_ZONE */;
/*!40103 SET TIME_ZONE='+00:00' */;
/*!40014 SET @OLD_UNIQUE_CHECKS=@@UNIQUE_CHECKS, UNIQUE_CHECKS=0 */;
/*!40014 SET @OLD_FOREIGN_KEY_CHECKS=@@FOREIGN_KEY_CHECKS, FOREIGN_KEY_CHECKS=0 */;
/*!40101 SET @OLD_SQL_MODE=@@SQL_MODE, SQL_MODE='NO_AUTO_VALUE_ON_ZERO' */;
/*!40111 SET @OLD_SQL_NOTES=@@SQL_NOTES, SQL_NOTES=0 */;

--
-- Table structure for table `clients`
--

DROP TABLE IF EXISTS `clients`;
/*!40101 SET @saved_cs_client     = @@character_set_client */;
/*!40101 SET character_set_client = utf8 */;
CREATE TABLE `clients` (
  `id` int(11) NOT NULL AUTO_INCREMENT,
  `ip` varchar(20) NOT NULL,
  `dns` varchar(100) NOT NULL,
  `prohlizec` varchar(255) NOT NULL,
  `user` varchar(50) DEFAULT NULL,
  `cas` datetime DEFAULT NULL,
  PRIMARY KEY (`id`)
) ENGINE=InnoDB AUTO_INCREMENT=205 DEFAULT CHARSET=utf8mb4 COLLATE=utf8mb4_general_ci;
/*!40101 SET character_set_client = @saved_cs_client */;

--
-- Dumping data for table `clients`
--

LOCK TABLES `clients` WRITE;
/*!40000 ALTER TABLE `clients` DISABLE KEYS */;
INSERT INTO `clients` VALUES (1,'188.75.183.5','5-183-75-188-static.marekstejskal.cz','Mozilla/5.0 (Macintosh; Intel Mac OS X 10_15_7) AppleWebKit/537.36 (KHTML, like Gecko) Chrome/110.0.0.0 Safari/537.36','tonda','2023-03-02 11:13:46'),(2,'','','Mozilla/5.0 (Macintosh; Intel Mac OS X 10_15_7) AppleWebKit/537.36 (KHTML, like Gecko) Chrome/110.0.0.0 Safari/537.36','tonda','2023-03-02 12:05:31'),(3,'','','Mozilla/5.0 (Macintosh; Intel Mac OS X 10_15_7) AppleWebKit/537.36 (KHTML, like Gecko) Chrome/110.0.0.0 Safari/537.36','tonda','2023-03-02 12:12:05'),(4,'','','Mozilla/5.0 (Linux; Android 6.0; Nexus 5 Build/MRA58N) AppleWebKit/537.36 (KHTML, like Gecko) Chrome/110.0.0.0 Mobile Safari/537.36','perina','2023-03-02 12:16:13'),(5,'','','Mozilla/5.0 (Linux; Android 6.0; Nexus 5 Build/MRA58N) AppleWebKit/537.36 (KHTML, like Gecko) Chrome/110.0.0.0 Mobile Safari/537.36','tonda','2023-03-02 12:50:33'),(6,'','','Mozilla/5.0 (Linux; Android 6.0; Nexus 5 Build/MRA58N) AppleWebKit/537.36 (KHTML, like Gecko) Chrome/110.0.0.0 Mobile Safari/537.36','tonda','2023-03-02 13:04:19'),(7,'','','Mozilla/5.0 (Macintosh; Intel Mac OS X 10_15_7) AppleWebKit/537.36 (KHTML, like Gecko) Chrome/110.0.0.0 Safari/537.36','tonda','2023-03-02 13:23:49'),(8,'176.53.191.107','ip-176-53-191-107.brnonet.eu','Mozilla/5.0 (Windows NT 10.0; Win64; x64; rv:109.0) Gecko/20100101 Firefox/110.0','perina','2023-03-02 13:29:47'),(9,'188.75.183.5','5-183-75-188-static.marekstejskal.cz','Mozilla/5.0 (Macintosh; Intel Mac OS X 10_15_7) AppleWebKit/537.36 (KHTML, like Gecko) Chrome/110.0.0.0 Safari/537.36','tonda','2023-03-02 13:30:40'),(10,'176.53.191.107','ip-176-53-191-107.brnonet.eu','Mozilla/5.0 (Windows NT 10.0; Win64; x64; rv:109.0) Gecko/20100101 Firefox/110.0','perina','2023-03-02 13:30:59'),(11,'188.75.183.5','5-183-75-188-static.marekstejskal.cz','Mozilla/5.0 (iPhone; CPU iPhone OS 16_3_1 like Mac OS X) AppleWebKit/605.1.15 (KHTML, like Gecko) Version/16.3 Mobile/15E148 Safari/604.1','tonda','2023-03-02 13:32:21'),(12,'104.28.64.1','104.28.64.1','Mozilla/5.0 (iPhone; CPU iPhone OS 16_3_1 like Mac OS X) AppleWebKit/605.1.15 (KHTML, like Gecko) Version/16.3 Mobile/15E148 Safari/604.1','perina','2023-03-02 13:32:43'),(13,'188.75.183.5','5-183-75-188-static.marekstejskal.cz','Mozilla/5.0 (Macintosh; Intel Mac OS X 10_15_7) AppleWebKit/537.36 (KHTML, like Gecko) Chrome/110.0.0.0 Safari/537.36','tanecnice1','2023-03-02 14:04:21'),(14,'188.75.183.5','5-183-75-188-static.marekstejskal.cz','Mozilla/5.0 (iPhone; CPU iPhone OS 16_3_1 like Mac OS X) AppleWebKit/605.1.15 (KHTML, like Gecko) Version/16.3 Mobile/15E148 Safari/604.1','tanecnice1','2023-03-02 14:05:00'),(15,'188.75.183.5','5-183-75-188-static.marekstejskal.cz','Mozilla/5.0 (iPhone; CPU iPhone OS 16_3_1 like Mac OS X) AppleWebKit/605.1.15 (KHTML, like Gecko) Version/16.3 Mobile/15E148 Safari/604.1','tonda','2023-03-02 14:07:46'),(16,'176.53.191.107','ip-176-53-191-107.brnonet.eu','Mozilla/5.0 (Windows NT 10.0; Win64; x64; rv:109.0) Gecko/20100101 Firefox/110.0','tanecnice1','2023-03-02 14:19:01'),(17,'176.53.191.107','ip-176-53-191-107.brnonet.eu','Mozilla/5.0 (Windows NT 10.0; Win64; x64; rv:109.0) Gecko/20100101 Firefox/110.0','perina','2023-03-02 14:38:31'),(18,'188.75.183.5','5-183-75-188-static.marekstejskal.cz','Mozilla/5.0 (Macintosh; Intel Mac OS X 10_15_7) AppleWebKit/537.36 (KHTML, like Gecko) Chrome/110.0.0.0 Safari/537.36','tonda','2023-03-02 16:42:30'),(19,'','','Mozilla/5.0 (Macintosh; Intel Mac OS X 10_15_7) AppleWebKit/537.36 (KHTML, like Gecko) Chrome/110.0.0.0 Safari/537.36','tonda','2023-03-02 17:05:56'),(20,'','','Mozilla/5.0 (Macintosh; Intel Mac OS X 10_15_7) AppleWebKit/537.36 (KHTML, like Gecko) Chrome/110.0.0.0 Safari/537.36','super','2023-03-02 17:06:33'),(21,'188.75.183.5','5-183-75-188-static.marekstejskal.cz','Mozilla/5.0 (Macintosh; Intel Mac OS X 10_15_7) AppleWebKit/537.36 (KHTML, like Gecko) Chrome/110.0.0.0 Safari/537.36','tonda','2023-03-02 21:35:49'),(22,'188.75.183.5','5-183-75-188-static.marekstejskal.cz','Mozilla/5.0 (Macintosh; Intel Mac OS X 10_15_7) AppleWebKit/537.36 (KHTML, like Gecko) Chrome/110.0.0.0 Safari/537.36','super1','2023-03-02 21:36:17'),(23,'188.75.183.5','5-183-75-188-static.marekstejskal.cz','Mozilla/5.0 (Macintosh; Intel Mac OS X 10_15_7) AppleWebKit/537.36 (KHTML, like Gecko) Chrome/110.0.0.0 Safari/537.36','tonda','2023-03-02 21:56:11'),(24,'188.75.183.5','5-183-75-188-static.marekstejskal.cz','Mozilla/5.0 (Macintosh; Intel Mac OS X 10_15_7) AppleWebKit/537.36 (KHTML, like Gecko) Chrome/110.0.0.0 Safari/537.36','super1','2023-03-02 21:57:20'),(25,'188.75.183.5','5-183-75-188-static.marekstejskal.cz','Mozilla/5.0 (Macintosh; Intel Mac OS X 10_15_7) AppleWebKit/537.36 (KHTML, like Gecko) Chrome/110.0.0.0 Safari/537.36','barman1','2023-03-02 22:17:53'),(26,'188.75.183.5','5-183-75-188-static.marekstejskal.cz','Mozilla/5.0 (Macintosh; Intel Mac OS X 10_15_7) AppleWebKit/537.36 (KHTML, like Gecko) Chrome/110.0.0.0 Safari/537.36','super1','2023-03-02 22:20:19'),(27,'188.75.183.5','5-183-75-188-static.marekstejskal.cz','Mozilla/5.0 (Macintosh; Intel Mac OS X 10_15_7) AppleWebKit/537.36 (KHTML, like Gecko) Chrome/110.0.0.0 Safari/537.36','super1','2023-03-02 22:22:36'),(28,'188.75.183.5','5-183-75-188-static.marekstejskal.cz','Mozilla/5.0 (Macintosh; Intel Mac OS X 10_15_7) AppleWebKit/537.36 (KHTML, like Gecko) Chrome/110.0.0.0 Safari/537.36','tonda','2023-03-02 22:23:14'),(29,'188.75.183.5','5-183-75-188-static.marekstejskal.cz','Mozilla/5.0 (Macintosh; Intel Mac OS X 10_15_7) AppleWebKit/537.36 (KHTML, like Gecko) Chrome/110.0.0.0 Safari/537.36','tanecnice1','2023-03-02 22:23:41'),(30,'188.75.183.5','5-183-75-188-static.marekstejskal.cz','Mozilla/5.0 (iPhone; CPU iPhone OS 16_3_1 like Mac OS X) AppleWebKit/605.1.15 (KHTML, like Gecko) Version/16.3 Mobile/15E148 Safari/604.1','tanecnice1','2023-03-02 22:32:10'),(31,'172.225.104.81','a172-225-104-81.deploy.static.akamaitechnologies.com','Mozilla/5.0 (iPhone; CPU iPhone OS 16_3_1 like Mac OS X) AppleWebKit/605.1.15 (KHTML, like Gecko) Version/16.3 Mobile/15E148 Safari/604.1','tanecnice1','2023-03-02 22:32:25'),(32,'172.225.104.81','a172-225-104-81.deploy.static.akamaitechnologies.com','Mozilla/5.0 (iPhone; CPU iPhone OS 16_3_1 like Mac OS X) AppleWebKit/605.1.15 (KHTML, like Gecko) Version/16.3 Mobile/15E148 Safari/604.1','tanecnice1','2023-03-02 22:32:57'),(33,'172.225.190.191','a172-225-190-191.deploy.static.akamaitechnologies.com','Mozilla/5.0 (iPhone; CPU iPhone OS 16_3_1 like Mac OS X) AppleWebKit/605.1.15 (KHTML, like Gecko) Version/16.3 Mobile/15E148 Safari/604.1','tanecnice1','2023-03-02 22:33:24'),(34,'188.75.183.5','5-183-75-188-static.marekstejskal.cz','Mozilla/5.0 (Macintosh; Intel Mac OS X 10_15_7) AppleWebKit/537.36 (KHTML, like Gecko) Chrome/110.0.0.0 Safari/537.36','super1','2023-03-02 22:35:43'),(35,'172.225.190.166','a172-225-190-166.deploy.static.akamaitechnologies.com','Mozilla/5.0 (iPhone; CPU iPhone OS 16_3_1 like Mac OS X) AppleWebKit/605.1.15 (KHTML, like Gecko) Version/16.3 Mobile/15E148 Safari/604.1','super1','2023-03-02 22:35:51'),(36,'172.225.190.166','a172-225-190-166.deploy.static.akamaitechnologies.com','Mozilla/5.0 (iPhone; CPU iPhone OS 16_3_1 like Mac OS X) AppleWebKit/605.1.15 (KHTML, like Gecko) Version/16.3 Mobile/15E148 Safari/604.1','super1','2023-03-02 22:36:23'),(37,'188.75.183.5','5-183-75-188-static.marekstejskal.cz','Mozilla/5.0 (Macintosh; Intel Mac OS X 10_15_7) AppleWebKit/537.36 (KHTML, like Gecko) Chrome/110.0.0.0 Safari/537.36','tonda','2023-03-02 22:40:24'),(38,'172.225.40.140','a172-225-40-140.deploy.static.akamaitechnologies.com','Mozilla/5.0 (Macintosh; Intel Mac OS X 10_15_7) AppleWebKit/537.36 (KHTML, like Gecko) Chrome/110.0.0.0 Safari/537.36','tanecnice1','2023-03-02 22:44:42'),(39,'176.53.191.107','ip-176-53-191-107.brnonet.eu','Mozilla/5.0 (Windows NT 10.0; Win64; x64; rv:109.0) Gecko/20100101 Firefox/110.0','tanecnice1','2023-03-02 22:47:42'),(40,'188.75.183.5','5-183-75-188-static.marekstejskal.cz','Mozilla/5.0 (Macintosh; Intel Mac OS X 10_15_7) AppleWebKit/537.36 (KHTML, like Gecko) Chrome/110.0.0.0 Safari/537.36','super1','2023-03-03 06:39:16'),(41,'188.75.183.5','5-183-75-188-static.marekstejskal.cz','Mozilla/5.0 (Macintosh; Intel Mac OS X 10_15_7) AppleWebKit/537.36 (KHTML, like Gecko) Chrome/110.0.0.0 Safari/537.36','tonda','2023-03-03 07:06:06'),(42,'188.75.183.5','5-183-75-188-static.marekstejskal.cz','Mozilla/5.0 (iPhone; CPU iPhone OS 16_3_1 like Mac OS X) AppleWebKit/605.1.15 (KHTML, like Gecko) Version/16.3 Mobile/15E148 Safari/604.1','tonda','2023-03-03 10:40:32'),(43,'176.53.191.107','ip-176-53-191-107.brnonet.eu','Mozilla/5.0 (Windows NT 10.0; Win64; x64; rv:109.0) Gecko/20100101 Firefox/110.0','perina','2023-03-03 16:01:49'),(44,'176.53.191.107','ip-176-53-191-107.brnonet.eu','Mozilla/5.0 (Windows NT 10.0; Win64; x64; rv:109.0) Gecko/20100101 Firefox/110.0','perina','2023-03-03 17:26:45'),(45,'176.53.191.107','ip-176-53-191-107.brnonet.eu','Mozilla/5.0 (Windows NT 10.0; Win64; x64; rv:109.0) Gecko/20100101 Firefox/110.0','perina','2023-03-03 18:09:39'),(46,'176.53.191.107','ip-176-53-191-107.brnonet.eu','Mozilla/5.0 (Windows NT 10.0; Win64; x64; rv:109.0) Gecko/20100101 Firefox/110.0','super1','2023-03-03 18:10:13'),(47,'176.53.191.107','ip-176-53-191-107.brnonet.eu','Mozilla/5.0 (Windows NT 10.0; Win64; x64; rv:109.0) Gecko/20100101 Firefox/110.0','perina','2023-03-03 18:20:40'),(48,'176.53.191.107','ip-176-53-191-107.brnonet.eu','Mozilla/5.0 (Windows NT 10.0; Win64; x64; rv:109.0) Gecko/20100101 Firefox/110.0','perina','2023-03-03 18:32:02'),(49,'176.53.191.107','ip-176-53-191-107.brnonet.eu','Mozilla/5.0 (Windows NT 10.0; Win64; x64; rv:109.0) Gecko/20100101 Firefox/110.0','perina','2023-03-03 18:34:37'),(50,'176.53.191.107','ip-176-53-191-107.brnonet.eu','Mozilla/5.0 (Windows NT 10.0; Win64; x64; rv:109.0) Gecko/20100101 Firefox/110.0','super1@kronebar.at','2023-03-03 18:35:16'),(51,'188.75.183.5','5-183-75-188-static.marekstejskal.cz','Mozilla/5.0 (Macintosh; Intel Mac OS X 10_15_7) AppleWebKit/537.36 (KHTML, like Gecko) Chrome/110.0.0.0 Safari/537.36','super1','2023-03-03 18:36:50'),(52,'176.53.191.107','ip-176-53-191-107.brnonet.eu','Mozilla/5.0 (Windows NT 10.0; Win64; x64; rv:109.0) Gecko/20100101 Firefox/110.0','perina','2023-03-03 18:37:00'),(53,'188.75.183.5','5-183-75-188-static.marekstejskal.cz','Mozilla/5.0 (Macintosh; Intel Mac OS X 10_15_7) AppleWebKit/537.36 (KHTML, like Gecko) Chrome/110.0.0.0 Safari/537.36','super1','2023-03-03 19:02:17'),(54,'176.53.191.107','ip-176-53-191-107.brnonet.eu','Mozilla/5.0 (Windows NT 10.0; Win64; x64; rv:109.0) Gecko/20100101 Firefox/110.0','perina','2023-03-03 19:06:04'),(55,'176.53.191.107','ip-176-53-191-107.brnonet.eu','Mozilla/5.0 (Windows NT 10.0; Win64; x64; rv:109.0) Gecko/20100101 Firefox/110.0','super1@kronebar.at','2023-03-03 19:12:04'),(56,'188.75.183.5','5-183-75-188-static.marekstejskal.cz','Mozilla/5.0 (Macintosh; Intel Mac OS X 10_15_7) AppleWebKit/537.36 (KHTML, like Gecko) Chrome/110.0.0.0 Safari/537.36','tonda','2023-03-03 19:12:55'),(57,'176.53.191.107','ip-176-53-191-107.brnonet.eu','Mozilla/5.0 (Windows NT 10.0; Win64; x64; rv:109.0) Gecko/20100101 Firefox/110.0','perina','2023-03-03 19:15:11'),(58,'188.75.183.5','5-183-75-188-static.marekstejskal.cz','Mozilla/5.0 (Macintosh; Intel Mac OS X 10_15_7) AppleWebKit/537.36 (KHTML, like Gecko) Chrome/110.0.0.0 Safari/537.36','super1','2023-03-03 19:23:55'),(59,'176.53.191.107','ip-176-53-191-107.brnonet.eu','Mozilla/5.0 (Windows NT 10.0; Win64; x64; rv:109.0) Gecko/20100101 Firefox/110.0','super1','2023-03-03 19:24:10'),(60,'176.53.191.107','ip-176-53-191-107.brnonet.eu','Mozilla/5.0 (Windows NT 10.0; Win64; x64; rv:109.0) Gecko/20100101 Firefox/110.0','perina','2023-03-03 19:24:52'),(61,'176.53.191.107','ip-176-53-191-107.brnonet.eu','Mozilla/5.0 (Windows NT 10.0; Win64; x64; rv:109.0) Gecko/20100101 Firefox/110.0','super1','2023-03-03 19:26:10'),(62,'176.53.191.107','ip-176-53-191-107.brnonet.eu','Mozilla/5.0 (Windows NT 10.0; Win64; x64; rv:109.0) Gecko/20100101 Firefox/110.0','perina','2023-03-03 19:31:22'),(63,'188.75.183.5','5-183-75-188-static.marekstejskal.cz','Mozilla/5.0 (Macintosh; Intel Mac OS X 10_15_7) AppleWebKit/537.36 (KHTML, like Gecko) Chrome/110.0.0.0 Safari/537.36','tonda','2023-03-04 00:08:48'),(64,'178.72.203.67','host-178-72-203-67.ip.nej.cz','Mozilla/5.0 (Windows NT 10.0; Win64; x64) AppleWebKit/537.36 (KHTML, like Gecko) Chrome/110.0.0.0 Safari/537.36','tonda','2023-03-04 09:49:36'),(65,'172.225.190.186','a172-225-190-186.deploy.static.akamaitechnologies.com','Mozilla/5.0 (iPhone; CPU iPhone OS 16_3_1 like Mac OS X) AppleWebKit/605.1.15 (KHTML, like Gecko) Version/16.3 Mobile/15E148 Safari/604.1','perina','2023-03-04 14:09:36'),(66,'176.53.191.107','ip-176-53-191-107.brnonet.eu','Mozilla/5.0 (Windows NT 10.0; Win64; x64; rv:109.0) Gecko/20100101 Firefox/110.0','perina','2023-03-04 17:22:16'),(67,'176.53.191.107','ip-176-53-191-107.brnonet.eu','Mozilla/5.0 (Windows NT 10.0; Win64; x64; rv:109.0) Gecko/20100101 Firefox/110.0','Michal','2023-03-04 17:55:17'),(68,'176.53.191.107','ip-176-53-191-107.brnonet.eu','Mozilla/5.0 (Windows NT 10.0; Win64; x64; rv:109.0) Gecko/20100101 Firefox/110.0','Michal','2023-03-04 17:55:55'),(69,'81.94.247.242','81.94.247.242','Mozilla/5.0 (iPhone; CPU iPhone OS 15_6_1 like Mac OS X) AppleWebKit/605.1.15 (KHTML, like Gecko) Version/15.6.1 Mobile/15E148 Safari/604.1','Michal','2023-03-04 17:59:29'),(70,'176.53.191.107','ip-176-53-191-107.brnonet.eu','Mozilla/5.0 (Windows NT 10.0; Win64; x64; rv:109.0) Gecko/20100101 Firefox/110.0','perina','2023-03-04 18:44:01'),(71,'81.94.247.242','81.94.247.242','Mozilla/5.0 (iPhone; CPU iPhone OS 15_6_1 like Mac OS X) AppleWebKit/605.1.15 (KHTML, like Gecko) Version/15.6.1 Mobile/15E148 Safari/604.1','Michal','2023-03-04 20:00:03'),(72,'188.75.183.5','5-183-75-188-static.marekstejskal.cz','Mozilla/5.0 (Macintosh; Intel Mac OS X 10_15_7) AppleWebKit/537.36 (KHTML, like Gecko) Chrome/110.0.0.0 Safari/537.36','tanecnice1','2023-03-05 06:08:07'),(73,'188.75.183.5','5-183-75-188-static.marekstejskal.cz','Mozilla/5.0 (Macintosh; Intel Mac OS X 10_15_7) AppleWebKit/537.36 (KHTML, like Gecko) Chrome/110.0.0.0 Safari/537.36','tonda','2023-03-05 06:11:18'),(74,'188.75.183.5','5-183-75-188-static.marekstejskal.cz','Mozilla/5.0 (Linux; Android 11; M2003J15SC) AppleWebKit/537.36 (KHTML, like Gecko) Chrome/110.0.0.0 Mobile Safari/537.36','barman1','2023-03-05 06:12:25'),(75,'188.75.183.5','5-183-75-188-static.marekstejskal.cz','Mozilla/5.0 (Linux; U; Android 11; cs-cz; Redmi Note 9 Build/RP1A.200720.011) AppleWebKit/537.36 (KHTML, like Gecko) Version/4.0 Chrome/100.0.4896.127 Mobile Safari/537.36 XiaoMi/MiuiBrowser/13.22.1-gn','barman1','2023-03-05 06:15:03'),(76,'104.28.114.11','104.28.114.11','Mozilla/5.0 (iPhone; CPU iPhone OS 16_3_1 like Mac OS X) AppleWebKit/605.1.15 (KHTML, like Gecko) Version/16.3 Mobile/15E148 Safari/604.1','perina','2023-03-05 09:38:20'),(77,'188.75.183.5','5-183-75-188-static.marekstejskal.cz','Mozilla/5.0 (Macintosh; Intel Mac OS X 10_15_7) AppleWebKit/537.36 (KHTML, like Gecko) Chrome/110.0.0.0 Safari/537.36','super1','2023-03-05 12:26:40'),(78,'188.75.183.5','5-183-75-188-static.marekstejskal.cz','Mozilla/5.0 (iPhone; CPU iPhone OS 16_3_1 like Mac OS X) AppleWebKit/605.1.15 (KHTML, like Gecko) Version/16.3 Mobile/15E148 Safari/604.1','kravka','2023-03-05 12:28:41'),(79,'104.28.130.26','104.28.130.26','Mozilla/5.0 (Macintosh; Intel Mac OS X 10_15_7) AppleWebKit/537.36 (KHTML, like Gecko) Chrome/110.0.0.0 Safari/537.36','perina','2023-03-05 15:01:26'),(80,'104.28.130.26','104.28.130.26','Mozilla/5.0 (Macintosh; Intel Mac OS X 10_15_7) AppleWebKit/537.36 (KHTML, like Gecko) Chrome/110.0.0.0 Safari/537.36','perina','2023-03-05 15:02:55'),(81,'188.75.183.5','5-183-75-188-static.marekstejskal.cz','Mozilla/5.0 (Macintosh; Intel Mac OS X 10_15_7) AppleWebKit/537.36 (KHTML, like Gecko) Chrome/110.0.0.0 Safari/537.36','kravka','2023-03-05 15:06:20'),(82,'104.28.62.10','104.28.62.10','Mozilla/5.0 (iPhone; CPU iPhone OS 16_3_1 like Mac OS X) AppleWebKit/605.1.15 (KHTML, like Gecko) Version/16.3 Mobile/15E148 Safari/604.1','barman1','2023-03-05 15:07:13'),(83,'104.28.62.10','104.28.62.10','Mozilla/5.0 (iPhone; CPU iPhone OS 16_3_1 like Mac OS X) AppleWebKit/605.1.15 (KHTML, like Gecko) Version/16.3 Mobile/15E148 Safari/604.1','kravka','2023-03-05 15:08:00'),(84,'188.75.183.5','5-183-75-188-static.marekstejskal.cz','Mozilla/5.0 (Macintosh; Intel Mac OS X 10_15_7) AppleWebKit/537.36 (KHTML, like Gecko) Chrome/110.0.0.0 Safari/537.36','super1','2023-03-05 15:08:09'),(85,'176.53.191.107','ip-176-53-191-107.brnonet.eu','Mozilla/5.0 (Windows NT 10.0; Win64; x64; rv:109.0) Gecko/20100101 Firefox/110.0','Blanka Protržená','2023-03-05 15:57:17'),(86,'188.75.183.5','5-183-75-188-static.marekstejskal.cz','Mozilla/5.0 (Macintosh; Intel Mac OS X 10_15_7) AppleWebKit/537.36 (KHTML, like Gecko) Chrome/110.0.0.0 Safari/537.36','tonda','2023-03-05 15:57:57'),(87,'176.53.191.107','ip-176-53-191-107.brnonet.eu','Mozilla/5.0 (Windows NT 10.0; Win64; x64; rv:109.0) Gecko/20100101 Firefox/110.0','perina','2023-03-05 15:58:00'),(88,'188.75.183.5','5-183-75-188-static.marekstejskal.cz','Mozilla/5.0 (Macintosh; Intel Mac OS X 10_15_7) AppleWebKit/537.36 (KHTML, like Gecko) Chrome/110.0.0.0 Safari/537.36','super1','2023-03-05 16:40:16'),(89,'176.53.191.107','ip-176-53-191-107.brnonet.eu','Mozilla/5.0 (Windows NT 10.0; Win64; x64; rv:109.0) Gecko/20100101 Firefox/110.0','Michal','2023-03-05 19:24:17'),(90,'176.53.191.107','ip-176-53-191-107.brnonet.eu','Mozilla/5.0 (Windows NT 10.0; Win64; x64; rv:109.0) Gecko/20100101 Firefox/110.0','barman1','2023-03-05 19:28:29'),(91,'176.53.191.107','ip-176-53-191-107.brnonet.eu','Mozilla/5.0 (Windows NT 10.0; Win64; x64; rv:109.0) Gecko/20100101 Firefox/110.0','barman1','2023-03-05 19:29:01'),(92,'176.53.191.107','ip-176-53-191-107.brnonet.eu','Mozilla/5.0 (Windows NT 10.0; Win64; x64; rv:109.0) Gecko/20100101 Firefox/110.0','Michal','2023-03-05 19:30:07'),(93,'104.28.62.10','104.28.62.10','Mozilla/5.0 (iPhone; CPU iPhone OS 16_3_1 like Mac OS X) AppleWebKit/605.1.15 (KHTML, like Gecko) Version/16.3 Mobile/15E148 Safari/604.1','barman1','2023-03-05 19:38:33'),(94,'104.28.62.10','104.28.62.10','Mozilla/5.0 (iPhone; CPU iPhone OS 16_3_1 like Mac OS X) AppleWebKit/605.1.15 (KHTML, like Gecko) Version/16.3 Mobile/15E148 Safari/604.1','perina','2023-03-05 20:02:12'),(95,'188.75.183.5','5-183-75-188-static.marekstejskal.cz','Mozilla/5.0 (Macintosh; Intel Mac OS X 10_15_7) AppleWebKit/537.36 (KHTML, like Gecko) Chrome/110.0.0.0 Safari/537.36','kravka','2023-03-06 20:37:26'),(96,'188.75.183.5','5-183-75-188-static.marekstejskal.cz','Mozilla/5.0 (iPhone; CPU iPhone OS 16_3_1 like Mac OS X) AppleWebKit/605.1.15 (KHTML, like Gecko) Version/16.3 Mobile/15E148 Safari/604.1','super1','2023-03-07 06:04:40'),(97,'188.75.183.5','5-183-75-188-static.marekstejskal.cz','Mozilla/5.0 (Macintosh; Intel Mac OS X 10_15_7) AppleWebKit/537.36 (KHTML, like Gecko) Chrome/110.0.0.0 Safari/537.36','tonda','2023-03-07 07:31:19'),(98,'104.28.129.10','104.28.129.10','Mozilla/5.0 (iPhone; CPU iPhone OS 16_3_1 like Mac OS X) AppleWebKit/605.1.15 (KHTML, like Gecko) Version/16.3 Mobile/15E148 Safari/604.1','perina','2023-03-07 10:41:05'),(99,'188.75.183.5','5-183-75-188-static.marekstejskal.cz','Mozilla/5.0 (Macintosh; Intel Mac OS X 10_15_7) AppleWebKit/537.36 (KHTML, like Gecko) Chrome/110.0.0.0 Safari/537.36','barman1','2023-03-07 11:04:51'),(100,'176.53.191.107','ip-176-53-191-107.brnonet.eu','Mozilla/5.0 (Windows NT 10.0; Win64; x64; rv:109.0) Gecko/20100101 Firefox/110.0','perina','2023-03-07 11:15:36'),(101,'176.53.191.107','ip-176-53-191-107.brnonet.eu','Mozilla/5.0 (Windows NT 10.0; Win64; x64; rv:109.0) Gecko/20100101 Firefox/110.0','perina','2023-03-07 11:22:16'),(102,'176.53.191.107','ip-176-53-191-107.brnonet.eu','Mozilla/5.0 (Windows NT 10.0; Win64; x64; rv:109.0) Gecko/20100101 Firefox/110.0','BWL-Lord@web.de','2023-03-07 11:22:43'),(103,'176.53.191.107','ip-176-53-191-107.brnonet.eu','Mozilla/5.0 (Windows NT 10.0; Win64; x64; rv:109.0) Gecko/20100101 Firefox/110.0','superD','2023-03-07 11:42:57'),(104,'176.53.191.107','ip-176-53-191-107.brnonet.eu','Mozilla/5.0 (Windows NT 10.0; Win64; x64; rv:109.0) Gecko/20100101 Firefox/110.0','perina','2023-03-07 11:43:16'),(105,'176.53.191.107','ip-176-53-191-107.brnonet.eu','Mozilla/5.0 (Windows NT 10.0; Win64; x64; rv:109.0) Gecko/20100101 Firefox/110.0','superD','2023-03-07 11:44:26'),(106,'188.75.183.5','5-183-75-188-static.marekstejskal.cz','Mozilla/5.0 (Macintosh; Intel Mac OS X 10_15_7) AppleWebKit/537.36 (KHTML, like Gecko) Chrome/110.0.0.0 Safari/537.36','superD','2023-03-07 14:01:28'),(107,'176.53.191.107','ip-176-53-191-107.brnonet.eu','Mozilla/5.0 (Windows NT 10.0; Win64; x64; rv:109.0) Gecko/20100101 Firefox/110.0','Michal','2023-03-07 14:06:13'),(108,'176.53.191.107','ip-176-53-191-107.brnonet.eu','Mozilla/5.0 (Windows NT 10.0; Win64; x64; rv:109.0) Gecko/20100101 Firefox/110.0','perina','2023-03-07 14:11:55'),(109,'104.28.114.10','104.28.114.10','Mozilla/5.0 (iPhone; CPU iPhone OS 16_3_1 like Mac OS X) AppleWebKit/605.1.15 (KHTML, like Gecko) Version/16.3 Mobile/15E148 Safari/604.1','barman1','2023-03-07 14:16:31'),(110,'176.53.191.107','ip-176-53-191-107.brnonet.eu','Mozilla/5.0 (Windows NT 10.0; Win64; x64; rv:109.0) Gecko/20100101 Firefox/110.0','kravka','2023-03-07 14:17:10'),(111,'188.75.183.5','5-183-75-188-static.marekstejskal.cz','Mozilla/5.0 (iPhone; CPU iPhone OS 16_3_1 like Mac OS X) AppleWebKit/605.1.15 (KHTML, like Gecko) Version/16.3 Mobile/15E148 Safari/604.1','barman1','2023-03-07 14:25:40'),(112,'188.75.183.5','5-183-75-188-static.marekstejskal.cz','Mozilla/5.0 (Macintosh; Intel Mac OS X 10_15_7) AppleWebKit/537.36 (KHTML, like Gecko) Chrome/110.0.0.0 Safari/537.36','kravka','2023-03-07 14:26:01'),(113,'104.28.62.11','104.28.62.11','Mozilla/5.0 (iPhone; CPU iPhone OS 16_3_1 like Mac OS X) AppleWebKit/605.1.15 (KHTML, like Gecko) Version/16.3 Mobile/15E148 Safari/604.1','perina','2023-03-07 15:27:33'),(114,'104.28.130.25','104.28.130.25','Mozilla/5.0 (iPhone; CPU iPhone OS 16_3_1 like Mac OS X) AppleWebKit/605.1.15 (KHTML, like Gecko) Version/16.3 Mobile/15E148 Safari/604.1','barman1','2023-03-07 15:39:12'),(115,'176.53.191.107','ip-176-53-191-107.brnonet.eu','Mozilla/5.0 (Windows NT 10.0; Win64; x64; rv:109.0) Gecko/20100101 Firefox/110.0','perina','2023-03-07 15:40:59'),(116,'176.53.191.107','ip-176-53-191-107.brnonet.eu','Mozilla/5.0 (Windows NT 10.0; Win64; x64; rv:109.0) Gecko/20100101 Firefox/110.0','kravka','2023-03-07 19:05:52'),(117,'176.53.191.107','ip-176-53-191-107.brnonet.eu','Mozilla/5.0 (Windows NT 10.0; Win64; x64; rv:109.0) Gecko/20100101 Firefox/110.0','perina','2023-03-07 19:19:03'),(118,'172.225.190.172','a172-225-190-172.deploy.static.akamaitechnologies.com','Mozilla/5.0 (iPhone; CPU iPhone OS 16_3_1 like Mac OS X) AppleWebKit/605.1.15 (KHTML, like Gecko) Version/16.3 Mobile/15E148 Safari/604.1','barman1MelPtg','2023-03-07 19:20:06'),(119,'176.53.191.107','ip-176-53-191-107.brnonet.eu','Mozilla/5.0 (Windows NT 10.0; Win64; x64; rv:109.0) Gecko/20100101 Firefox/110.0','kravka','2023-03-07 19:20:34'),(120,'176.53.191.107','ip-176-53-191-107.brnonet.eu','Mozilla/5.0 (Windows NT 10.0; Win64; x64; rv:109.0) Gecko/20100101 Firefox/110.0','perina','2023-03-07 21:02:32'),(121,'188.75.183.5','5-183-75-188-static.marekstejskal.cz','Mozilla/5.0 (Macintosh; Intel Mac OS X 10_15_7) AppleWebKit/537.36 (KHTML, like Gecko) Chrome/110.0.0.0 Safari/537.36','barman1','2023-03-07 21:19:34'),(122,'188.75.183.5','5-183-75-188-static.marekstejskal.cz','Mozilla/5.0 (Macintosh; Intel Mac OS X 10_15_7) AppleWebKit/537.36 (KHTML, like Gecko) Chrome/110.0.0.0 Safari/537.36','tonda','2023-03-07 22:00:27'),(123,'188.75.183.5','5-183-75-188-static.marekstejskal.cz','Mozilla/5.0 (Macintosh; Intel Mac OS X 10_15_7) AppleWebKit/537.36 (KHTML, like Gecko) Chrome/110.0.0.0 Safari/537.36','umelkyne1','2023-03-07 22:01:35'),(124,'188.75.183.5','5-183-75-188-static.marekstejskal.cz','Mozilla/5.0 (Macintosh; Intel Mac OS X 10_15_7) AppleWebKit/537.36 (KHTML, like Gecko) Chrome/110.0.0.0 Safari/537.36','barman1','2023-03-07 22:20:30'),(125,'188.75.183.5','5-183-75-188-static.marekstejskal.cz','Mozilla/5.0 (iPhone; CPU iPhone OS 16_3_1 like Mac OS X) AppleWebKit/605.1.15 (KHTML, like Gecko) Version/16.3 Mobile/15E148 Safari/604.1','kravka','2023-03-08 05:09:41'),(126,'188.75.183.5','5-183-75-188-static.marekstejskal.cz','Mozilla/5.0 (Macintosh; Intel Mac OS X 10_15_7) AppleWebKit/537.36 (KHTML, like Gecko) Chrome/110.0.0.0 Safari/537.36','kravka','2023-03-08 05:26:25'),(127,'176.53.191.107','ip-176-53-191-107.brnonet.eu','Mozilla/5.0 (Windows NT 10.0; Win64; x64; rv:109.0) Gecko/20100101 Firefox/110.0','kravka','2023-03-08 10:06:17'),(128,'176.53.191.107','ip-176-53-191-107.brnonet.eu','Mozilla/5.0 (Windows NT 10.0; Win64; x64; rv:109.0) Gecko/20100101 Firefox/110.0','perina','2023-03-08 10:15:23'),(129,'176.53.191.107','ip-176-53-191-107.brnonet.eu','Mozilla/5.0 (Windows NT 10.0; Win64; x64; rv:109.0) Gecko/20100101 Firefox/110.0','kravka','2023-03-08 10:20:35'),(130,'188.75.183.5','5-183-75-188-static.marekstejskal.cz','Mozilla/5.0 (iPhone; CPU iPhone OS 16_3_1 like Mac OS X) AppleWebKit/605.1.15 (KHTML, like Gecko) Version/16.3 Mobile/15E148 Safari/604.1','barman1','2023-03-08 10:21:50'),(131,'188.75.183.5','5-183-75-188-static.marekstejskal.cz','Mozilla/5.0 (Macintosh; Intel Mac OS X 10_15_7) AppleWebKit/537.36 (KHTML, like Gecko) Chrome/110.0.0.0 Safari/537.36','tonda','2023-03-08 10:25:42'),(132,'188.75.183.5','5-183-75-188-static.marekstejskal.cz','Mozilla/5.0 (Macintosh; Intel Mac OS X 10_15_7) AppleWebKit/537.36 (KHTML, like Gecko) Chrome/110.0.0.0 Safari/537.36','tonda','2023-03-08 10:31:57'),(133,'188.75.183.5','5-183-75-188-static.marekstejskal.cz','Mozilla/5.0 (iPhone; CPU iPhone OS 16_3_1 like Mac OS X) AppleWebKit/605.1.15 (KHTML, like Gecko) Version/16.3 Mobile/15E148 Safari/604.1','kravka','2023-03-08 14:43:41'),(134,'176.53.191.107','ip-176-53-191-107.brnonet.eu','Mozilla/5.0 (Windows NT 10.0; Win64; x64) AppleWebKit/537.36 (KHTML, like Gecko) Chrome/110.0.0.0 Safari/537.36','perina','2023-03-08 16:24:06'),(135,'176.53.191.107','ip-176-53-191-107.brnonet.eu','Mozilla/5.0 (Windows NT 10.0; Win64; x64) AppleWebKit/537.36 (KHTML, like Gecko) Chrome/110.0.0.0 Safari/537.36','superD','2023-03-08 16:25:11'),(136,'172.225.190.163','a172-225-190-163.deploy.static.akamaitechnologies.com','Mozilla/5.0 (iPhone; CPU iPhone OS 16_3 like Mac OS X) AppleWebKit/605.1.15 (KHTML, like Gecko) CriOS/111.0.5563.54 Mobile/15E148 Safari/604.1','kravka','2023-03-08 16:26:12'),(137,'176.53.191.107','ip-176-53-191-107.brnonet.eu','Mozilla/5.0 (iPhone; CPU iPhone OS 12_5_5 like Mac OS X) AppleWebKit/605.1.15 (KHTML, like Gecko) Version/12.1.2 Mobile/15E148 Safari/604.1','superD','2023-03-08 16:27:33'),(138,'176.53.191.107','ip-176-53-191-107.brnonet.eu','Mozilla/5.0 (iPhone; CPU iPhone OS 12_5_5 like Mac OS X) AppleWebKit/605.1.15 (KHTML, like Gecko) Version/12.1.2 Mobile/15E148 Safari/604.1','kravka','2023-03-08 16:28:04'),(139,'176.53.191.107','ip-176-53-191-107.brnonet.eu','Mozilla/5.0 (iPhone; CPU iPhone OS 12_5_5 like Mac OS X) AppleWebKit/605.1.15 (KHTML, like Gecko) Version/12.1.2 Mobile/15E148 Safari/604.1','kravka','2023-03-08 16:28:59'),(140,'176.53.191.107','ip-176-53-191-107.brnonet.eu','Mozilla/5.0 (iPhone; CPU iPhone OS 12_5_5 like Mac OS X) AppleWebKit/605.1.15 (KHTML, like Gecko) Version/12.1.2 Mobile/15E148 Safari/604.1','kravka','2023-03-08 16:29:51'),(141,'172.225.190.186','a172-225-190-186.deploy.static.akamaitechnologies.com','Mozilla/5.0 (iPhone; CPU iPhone OS 16_3_1 like Mac OS X) AppleWebKit/605.1.15 (KHTML, like Gecko) Version/16.3 Mobile/15E148 Safari/604.1','kravka','2023-03-08 16:30:33'),(142,'104.28.114.10','104.28.114.10','Mozilla/5.0 (iPhone; CPU iPhone OS 16_3 like Mac OS X) AppleWebKit/605.1.15 (KHTML, like Gecko) CriOS/111.0.5563.54 Mobile/15E148 Safari/604.1','barman1MelPtg','2023-03-08 16:31:38'),(143,'176.53.191.107','ip-176-53-191-107.brnonet.eu','Mozilla/5.0 (iPhone; CPU iPhone OS 16_3_1 like Mac OS X) AppleWebKit/605.1.15 (KHTML, like Gecko) Version/16.3 Mobile/15E148 Safari/604.1','kravka','2023-03-08 16:34:57'),(144,'104.28.62.10','104.28.62.10','Mozilla/5.0 (iPhone; CPU iPhone OS 16_3_1 like Mac OS X) AppleWebKit/605.1.15 (KHTML, like Gecko) Version/16.3 Mobile/15E148 Safari/604.1','barman1MelPtg','2023-03-08 16:36:56'),(145,'104.28.130.26','104.28.130.26','Mozilla/5.0 (iPhone; CPU iPhone OS 16_3_1 like Mac OS X) AppleWebKit/605.1.15 (KHTML, like Gecko) Version/16.3 Mobile/15E148 Safari/604.1','barman1MelPtg','2023-03-08 16:45:48'),(146,'176.53.191.107','ip-176-53-191-107.brnonet.eu','Mozilla/5.0 (iPhone; CPU iPhone OS 16_3_1 like Mac OS X) AppleWebKit/605.1.15 (KHTML, like Gecko) Version/16.3 Mobile/15E148 Safari/604.1','kravka','2023-03-08 16:46:46'),(147,'104.28.62.10','104.28.62.10','Mozilla/5.0 (iPhone; CPU iPhone OS 16_3_1 like Mac OS X) AppleWebKit/605.1.15 (KHTML, like Gecko) Version/16.3 Mobile/15E148 Safari/604.1','barman1MelPtg','2023-03-08 16:48:49'),(148,'172.225.190.170','a172-225-190-170.deploy.static.akamaitechnologies.com','Mozilla/5.0 (iPhone; CPU iPhone OS 16_3_1 like Mac OS X) AppleWebKit/605.1.15 (KHTML, like Gecko) Version/16.3 Mobile/15E148 Safari/604.1','barman1','2023-03-08 16:57:06'),(149,'176.53.191.107','ip-176-53-191-107.brnonet.eu','Mozilla/5.0 (Windows NT 10.0; Win64; x64; rv:109.0) Gecko/20100101 Firefox/110.0','Michal','2023-03-08 16:57:59'),(150,'104.28.64.1','104.28.64.1','Mozilla/5.0 (iPhone; CPU iPhone OS 16_3_1 like Mac OS X) AppleWebKit/605.1.15 (KHTML, like Gecko) Version/16.3 Mobile/15E148 Safari/604.1','kravka','2023-03-08 16:58:41'),(151,'176.53.191.107','ip-176-53-191-107.brnonet.eu','Mozilla/5.0 (iPhone; CPU iPhone OS 16_3_1 like Mac OS X) AppleWebKit/605.1.15 (KHTML, like Gecko) Version/16.3 Mobile/15E148 Safari/604.1','barman2','2023-03-08 17:01:54'),(152,'188.75.183.5','5-183-75-188-static.marekstejskal.cz','Mozilla/5.0 (iPhone; CPU iPhone OS 16_3_1 like Mac OS X) AppleWebKit/605.1.15 (KHTML, like Gecko) Version/16.3 Mobile/15E148 Safari/604.1','barman1','2023-03-09 14:00:30'),(153,'104.28.114.11','104.28.114.11','Mozilla/5.0 (Macintosh; Intel Mac OS X 10_15_7) AppleWebKit/605.1.15 (KHTML, like Gecko) Version/16.3 Safari/605.1.15','kravka','2023-03-09 15:31:22'),(154,'104.28.64.1','104.28.64.1','Mozilla/5.0 (iPhone; CPU iPhone OS 16_3_1 like Mac OS X) AppleWebKit/605.1.15 (KHTML, like Gecko) Version/16.3 Mobile/15E148 Safari/604.1','barman1','2023-03-09 15:32:37'),(155,'188.75.183.5','5-183-75-188-static.marekstejskal.cz','Mozilla/5.0 (Macintosh; Intel Mac OS X 10_15_7) AppleWebKit/537.36 (KHTML, like Gecko) Chrome/110.0.0.0 Safari/537.36','barman1','2023-03-09 23:08:27'),(156,'176.53.191.107','ip-176-53-191-107.brnonet.eu','Mozilla/5.0 (iPhone; CPU iPhone OS 12_5_5 like Mac OS X) AppleWebKit/605.1.15 (KHTML, like Gecko) Version/12.1.2 Mobile/15E148 Safari/604.1','kravka','2023-03-09 23:55:38'),(157,'176.53.191.107','ip-176-53-191-107.brnonet.eu','Mozilla/5.0 (iPhone; CPU iPhone OS 12_5_5 like Mac OS X) AppleWebKit/605.1.15 (KHTML, like Gecko) Version/12.1.2 Mobile/15E148 Safari/604.1','kravka','2023-03-09 23:56:42'),(158,'188.75.183.5','5-183-75-188-static.marekstejskal.cz','Mozilla/5.0 (Macintosh; Intel Mac OS X 10_15_7) AppleWebKit/537.36 (KHTML, like Gecko) Chrome/110.0.0.0 Safari/537.36','kravka','2023-03-11 00:27:57'),(159,'46.135.11.138','cst-prg-11-138.cust.vodafone.cz','Mozilla/5.0 (iPhone; CPU iPhone OS 16_3_1 like Mac OS X) AppleWebKit/605.1.15 (KHTML, like Gecko) Version/16.3 Mobile/15E148 Safari/604.1','kravka','2023-03-11 07:53:28'),(160,'188.75.183.5','5-183-75-188-static.marekstejskal.cz','Mozilla/5.0 (Macintosh; Intel Mac OS X 10_15_7) AppleWebKit/537.36 (KHTML, like Gecko) Chrome/110.0.0.0 Safari/537.36','barman1','2023-03-11 23:28:35'),(161,'188.75.183.5','5-183-75-188-static.marekstejskal.cz','Mozilla/5.0 (Macintosh; Intel Mac OS X 10_15_7) AppleWebKit/537.36 (KHTML, like Gecko) Chrome/110.0.0.0 Safari/537.36','super1','2023-03-12 06:21:29'),(162,'188.75.183.5','5-183-75-188-static.marekstejskal.cz','Mozilla/5.0 (iPhone; CPU iPhone OS 16_3_1 like Mac OS X) AppleWebKit/605.1.15 (KHTML, like Gecko) Version/16.3 Mobile/15E148 Safari/604.1','telatko','2023-03-12 06:22:52'),(163,'188.75.183.5','5-183-75-188-static.marekstejskal.cz','Mozilla/5.0 (Macintosh; Intel Mac OS X 10_15_7) AppleWebKit/537.36 (KHTML, like Gecko) Chrome/110.0.0.0 Safari/537.36','barman1','2023-03-12 06:28:29'),(164,'188.75.183.5','5-183-75-188-static.marekstejskal.cz','Mozilla/5.0 (iPhone; CPU iPhone OS 16_3_1 like Mac OS X) AppleWebKit/605.1.15 (KHTML, like Gecko) Version/16.3 Mobile/15E148 Safari/604.1','kravka','2023-03-12 09:22:35'),(165,'176.53.191.107','ip-176-53-191-107.brnonet.eu','Mozilla/5.0 (Windows NT 10.0; Win64; x64) AppleWebKit/537.36 (KHTML, like Gecko) Chrome/111.0.0.0 Safari/537.36','telatko','2023-03-12 17:22:51'),(166,'188.75.183.5','5-183-75-188-static.marekstejskal.cz','Mozilla/5.0 (Macintosh; Intel Mac OS X 10_15_7) AppleWebKit/537.36 (KHTML, like Gecko) Chrome/110.0.0.0 Safari/537.36','tonda','2023-03-12 17:54:01'),(167,'176.53.191.107','ip-176-53-191-107.brnonet.eu','Mozilla/5.0 (Windows NT 10.0; Win64; x64; rv:109.0) Gecko/20100101 Firefox/110.0','perina','2023-03-12 17:55:40'),(168,'188.75.183.5','5-183-75-188-static.marekstejskal.cz','Mozilla/5.0 (Macintosh; Intel Mac OS X 10_15_7) AppleWebKit/537.36 (KHTML, like Gecko) Chrome/110.0.0.0 Safari/537.36','super1','2023-03-12 17:56:59'),(169,'176.53.191.107','ip-176-53-191-107.brnonet.eu','Mozilla/5.0 (Windows NT 10.0; Win64; x64; rv:109.0) Gecko/20100101 Firefox/110.0','Michal','2023-03-12 18:20:35'),(170,'176.53.191.107','ip-176-53-191-107.brnonet.eu','Mozilla/5.0 (Windows NT 10.0; Win64; x64; rv:109.0) Gecko/20100101 Firefox/110.0','perina','2023-03-12 18:32:54'),(171,'176.53.191.107','ip-176-53-191-107.brnonet.eu','Mozilla/5.0 (Windows NT 10.0; Win64; x64; rv:109.0) Gecko/20100101 Firefox/110.0','Svetlana','2023-03-12 18:52:35'),(172,'176.53.191.107','ip-176-53-191-107.brnonet.eu','Mozilla/5.0 (Windows NT 10.0; Win64; x64; rv:109.0) Gecko/20100101 Firefox/110.0','perina','2023-03-12 18:59:45'),(173,'176.53.191.107','ip-176-53-191-107.brnonet.eu','Mozilla/5.0 (Windows NT 10.0; Win64; x64; rv:109.0) Gecko/20100101 Firefox/110.0','Nikita','2023-03-12 19:36:48'),(174,'176.53.191.107','ip-176-53-191-107.brnonet.eu','Mozilla/5.0 (Windows NT 10.0; Win64; x64; rv:109.0) Gecko/20100101 Firefox/110.0','perina','2023-03-12 20:19:15'),(175,'188.75.183.5','5-183-75-188-static.marekstejskal.cz','Mozilla/5.0 (Macintosh; Intel Mac OS X 10_15_7) AppleWebKit/537.36 (KHTML, like Gecko) Chrome/110.0.0.0 Safari/537.36','Kokotek','2023-03-12 20:50:57'),(176,'188.75.183.5','5-183-75-188-static.marekstejskal.cz','Mozilla/5.0 (Macintosh; Intel Mac OS X 10_15_7) AppleWebKit/537.36 (KHTML, like Gecko) Chrome/110.0.0.0 Safari/537.36','super1','2023-03-12 20:51:10'),(177,'188.75.183.5','5-183-75-188-static.marekstejskal.cz','Mozilla/5.0 (Macintosh; Intel Mac OS X 10_15_7) AppleWebKit/537.36 (KHTML, like Gecko) Chrome/110.0.0.0 Safari/537.36','tonda','2023-03-12 21:18:40'),(178,'176.53.191.107','ip-176-53-191-107.brnonet.eu','Mozilla/5.0 (Windows NT 10.0; Win64; x64; rv:109.0) Gecko/20100101 Firefox/110.0','perina','2023-03-12 22:17:20'),(179,'188.75.183.5','5-183-75-188-static.marekstejskal.cz','Mozilla/5.0 (Macintosh; Intel Mac OS X 10_15_7) AppleWebKit/537.36 (KHTML, like Gecko) Chrome/110.0.0.0 Safari/537.36','super1','2023-03-12 22:27:38'),(180,'176.53.191.107','ip-176-53-191-107.brnonet.eu','Mozilla/5.0 (Windows NT 10.0; Win64; x64; rv:109.0) Gecko/20100101 Firefox/110.0','Michal','2023-03-12 22:28:24'),(181,'176.53.191.107','ip-176-53-191-107.brnonet.eu','Mozilla/5.0 (Windows NT 10.0; Win64; x64; rv:109.0) Gecko/20100101 Firefox/110.0','Michal','2023-03-12 22:35:20'),(182,'176.53.191.107','ip-176-53-191-107.brnonet.eu','Mozilla/5.0 (Windows NT 10.0; Win64; x64) AppleWebKit/537.36 (KHTML, like Gecko) Chrome/111.0.0.0 Safari/537.36','Michal','2023-03-12 22:35:51'),(183,'176.53.191.107','ip-176-53-191-107.brnonet.eu','Mozilla/5.0 (Windows NT 10.0; Win64; x64) AppleWebKit/537.36 (KHTML, like Gecko) Chrome/111.0.0.0 Safari/537.36','super1','2023-03-12 22:36:48'),(184,'104.28.130.26','104.28.130.26','Mozilla/5.0 (Macintosh; Intel Mac OS X 10_15_7) AppleWebKit/537.36 (KHTML, like Gecko) Chrome/110.0.0.0 Safari/537.36','Michal','2023-03-12 22:40:58'),(185,'104.28.130.26','104.28.130.26','Mozilla/5.0 (Macintosh; Intel Mac OS X 10_15_7) AppleWebKit/537.36 (KHTML, like Gecko) Chrome/110.0.0.0 Safari/537.36','Michal','2023-03-12 22:43:36'),(186,'104.28.130.25','104.28.130.25','Mozilla/5.0 (Macintosh; Intel Mac OS X 10_15_7) AppleWebKit/537.36 (KHTML, like Gecko) Chrome/110.0.0.0 Safari/537.36','Michal','2023-03-12 22:52:39'),(187,'176.53.191.107','ip-176-53-191-107.brnonet.eu','Mozilla/5.0 (Windows NT 10.0; Win64; x64; rv:109.0) Gecko/20100101 Firefox/110.0','Michal','2023-03-12 23:36:14'),(188,'188.75.183.5','5-183-75-188-static.marekstejskal.cz','Mozilla/5.0 (Macintosh; Intel Mac OS X 10_15_7) AppleWebKit/537.36 (KHTML, like Gecko) Chrome/111.0.0.0 Safari/537.36','barman1','2023-03-12 23:39:25'),(189,'172.225.104.95','a172-225-104-95.deploy.static.akamaitechnologies.com','Mozilla/5.0 (iPhone; CPU iPhone OS 16_3_1 like Mac OS X) AppleWebKit/605.1.15 (KHTML, like Gecko) Version/16.3 Mobile/15E148 Safari/604.1','barman1','2023-03-12 23:40:11'),(190,'188.75.183.5','5-183-75-188-static.marekstejskal.cz','Mozilla/5.0 (Macintosh; Intel Mac OS X 10_15_7) AppleWebKit/537.36 (KHTML, like Gecko) Chrome/111.0.0.0 Safari/537.36','super1','2023-03-12 23:58:14'),(191,'188.75.183.5','5-183-75-188-static.marekstejskal.cz','Mozilla/5.0 (Macintosh; Intel Mac OS X 10_15_7) AppleWebKit/537.36 (KHTML, like Gecko) Chrome/111.0.0.0 Safari/537.36','telatko','2023-03-13 00:00:11'),(192,'188.75.183.5','5-183-75-188-static.marekstejskal.cz','Mozilla/5.0 (Macintosh; Intel Mac OS X 10_15_7) AppleWebKit/537.36 (KHTML, like Gecko) Chrome/111.0.0.0 Safari/537.36','super1','2023-03-13 00:23:48'),(193,'188.75.183.5','5-183-75-188-static.marekstejskal.cz','Mozilla/5.0 (Macintosh; Intel Mac OS X 10_15_7) AppleWebKit/537.36 (KHTML, like Gecko) Chrome/111.0.0.0 Safari/537.36','barman1','2023-03-13 00:24:45'),(194,'176.53.191.107','ip-176-53-191-107.brnonet.eu','Mozilla/5.0 (Windows NT 10.0; Win64; x64; rv:109.0) Gecko/20100101 Firefox/110.0','perina','2023-03-13 00:49:57'),(195,'188.75.183.5','5-183-75-188-static.marekstejskal.cz','Mozilla/5.0 (iPhone; CPU iPhone OS 16_3_1 like Mac OS X) AppleWebKit/605.1.15 (KHTML, like Gecko) Version/16.3 Mobile/15E148 Safari/604.1','tonda','2023-03-13 06:25:27'),(196,'188.75.183.5','5-183-75-188-static.marekstejskal.cz','Mozilla/5.0 (Macintosh; Intel Mac OS X 10_15_7) AppleWebKit/537.36 (KHTML, like Gecko) Chrome/111.0.0.0 Safari/537.36','tonda','2023-03-13 10:25:39'),(197,'188.75.183.5','5-183-75-188-static.marekstejskal.cz','Mozilla/5.0 (Macintosh; Intel Mac OS X 10_15_7) AppleWebKit/537.36 (KHTML, like Gecko) Chrome/111.0.0.0 Safari/537.36','barman1','2023-03-13 11:23:41'),(198,'176.53.191.107','ip-176-53-191-107.brnonet.eu','Mozilla/5.0 (Windows NT 10.0; Win64; x64; rv:109.0) Gecko/20100101 Firefox/110.0','Michal','2023-03-13 11:57:31'),(199,'188.75.183.5','5-183-75-188-static.marekstejskal.cz','Mozilla/5.0 (Macintosh; Intel Mac OS X 10_15_7) AppleWebKit/537.36 (KHTML, like Gecko) Chrome/111.0.0.0 Safari/537.36','super1','2023-03-13 12:48:36'),(200,'188.75.183.5','5-183-75-188-static.marekstejskal.cz','Mozilla/5.0 (Macintosh; Intel Mac OS X 10_15_7) AppleWebKit/537.36 (KHTML, like Gecko) Chrome/111.0.0.0 Safari/537.36','super1','2023-03-13 15:28:52'),(201,'176.53.191.107','ip-176-53-191-107.brnonet.eu','Mozilla/5.0 (Windows NT 10.0; Win64; x64; rv:109.0) Gecko/20100101 Firefox/110.0','perina','2023-03-13 16:24:32'),(202,'188.75.183.5','5-183-75-188-static.marekstejskal.cz','Mozilla/5.0 (Macintosh; Intel Mac OS X 10_15_7) AppleWebKit/537.36 (KHTML, like Gecko) Chrome/111.0.0.0 Safari/537.36','tonda','2023-03-13 20:31:00'),(203,'188.75.183.5','5-183-75-188-static.marekstejskal.cz','Mozilla/5.0 (iPhone; CPU iPhone OS 16_3_1 like Mac OS X) AppleWebKit/605.1.15 (KHTML, like Gecko) Mobile/15E148','barman1','2023-03-13 20:32:20'),(204,'172.225.40.159','a172-225-40-159.deploy.static.akamaitechnologies.com','Mozilla/5.0 (iPhone; CPU iPhone OS 16_3_1 like Mac OS X) AppleWebKit/605.1.15 (KHTML, like Gecko) Version/16.3 Mobile/15E148 Safari/604.1','barman1','2023-03-13 23:05:24');
/*!40000 ALTER TABLE `clients` ENABLE KEYS */;
UNLOCK TABLES;

--
-- Table structure for table `kluby`
--

DROP TABLE IF EXISTS `kluby`;
/*!40101 SET @saved_cs_client     = @@character_set_client */;
/*!40101 SET character_set_client = utf8 */;
CREATE TABLE `kluby` (
  `id` int(11) NOT NULL AUTO_INCREMENT,
  `klub` varchar(100) NOT NULL,
  `zkratka` varchar(6) NOT NULL,
  `kod` varchar(6) NOT NULL,
  `popis` varchar(255) DEFAULT NULL,
  `kontakt` varchar(255) DEFAULT NULL,
  `ulice` varchar(66) DEFAULT NULL,
  `mesto` varchar(66) DEFAULT NULL,
  `zeme` varchar(66) DEFAULT NULL,
  `mena` varchar(5) DEFAULT NULL,
  `fee` decimal(6,2) DEFAULT NULL,
  PRIMARY KEY (`id`),
  UNIQUE KEY `UC_kluby_zkratka` (`zkratka`),
  UNIQUE KEY `UC_kluby_kod` (`kod`),
  UNIQUE KEY `UC_kluby_klub` (`klub`)
) ENGINE=InnoDB AUTO_INCREMENT=25 DEFAULT CHARSET=utf8mb4 COLLATE=utf8mb4_general_ci;
/*!40101 SET character_set_client = @saved_cs_client */;

--
-- Dumping data for table `kluby`
--

LOCK TABLES `kluby` WRITE;
/*!40000 ALTER TABLE `kluby` DISABLE KEYS */;
INSERT INTO `kluby` VALUES (1,'Angels Cabaret Club','AngBla','421004','Strip klub','+421907144957','Hurbanovo námestie 9','Bratislava','Slovensko','EUR',1.20),(2,'Kronebar','KroBrg','430089','Cabaret','+436602852953','Leutbühel 3a','Bregenz','Rakousko','EUR',1.20),(3,'LouLou kabaret 	','LouKos','421006','Cabaret','+421908321131','Mäsiarska 8','Košice','Slovensko','EUR',1.20),(4,'Strip bar Pamela','PamPlz','420028','Stripbar','+420377223939','Husova 15','Plzeň','Česko','CZK',30.00),(5,'Golden Ladies','GolTep','420027','Musicbar','+420777627052','Masarykova tř. 55/118','Teplice','Česko','CZK',30.00),(6,'Solid Gold Bochum','SoGoBo','490012','Tabledance','+491734074173','Gußstahlstraße 35','Bochum','Německo','EUR',1.20),(7,'Solid Gold Düsseldorf','SoGoDD','490011','Tabledance','+49211381130','Mintropstr. 7','Düsseldorf','Německo','EUR',1.20),(8,'Pinky Stripbar','PinOva','420014','Stripbar','+420603542834','Musorgského 880/5','Ostrava','Česko','CZK',30.00),(9,'Starlight tabledance','StrMrb','490023','Tabledance','+496421167068','Siemensstr. 17','Marburg','Německo','EUR',1.20),(11,'Luxory','LuxBla','421003','Cabaret','+421902709617','Michalska 2','Bratislava','Slovensko','EUR',1.20),(12,'L Art club','LArBla','421002','Cabaret','+421911816899','Rázusovo nábrežie 1','Bratislava','Slovensko','EUR',1.20),(13,'Le Roi','RoiPSE','390040','Cabaret','+393933870893','Via Nazionale 59','Porto Sant Elpido','Itálie','EUR',1.20),(14,'Pussy Cat Club','PCCGnv','410026','Cabaret','+41227361500','Rue des Glaçis de Rive 17','Geneva','Švýcarsko','CHF',1.20),(15,'Dorsia','DorAnt','320012','Tabledance','+32498185795','Anneessenstraat 11','Antwerpen','Belgie','EUR',1.20),(16,'Cabaret Bella Napoli','CBNNue','490045','Cabaret','+4991122377','Ottostr. 29','Nürnberg','Německo','EUR',1.20),(17,'Nightclub Diamante','NCDiam','390035','Cabaret','+393490065057','Via Rigolizia 1/B','San Salvo','Itálie','EUR',1.20),(18,'Carosello sexy disco','CaroSD','390039','Stripclub','+39051570500 ','Via Bazzanese 95/3','Casalecchio di Reno','Itálie','EUR',1.20),(19,'Club Luna','LunChm','490067','Cabaret','+4937133409915','Leipziger Str. 112','Chemnitz','Německo','EUR',1.20),(20,'Melody bar','MelPtg','490052','Tabledance','+4917686428188','Fargesstrasse 5','Peiting','Německo','EUR',1.20),(22,'Crazy Ugly','CrzUgl','430074','Stripclub','+420733270827','Madleinweg 2','Ischgl','Rakousko','EUR',1.20),(24,'Ibiza','IbiCyp','357003','Bar','+357 96 628 845','','Nicosia','Kypr',NULL,NULL);
/*!40000 ALTER TABLE `kluby` ENABLE KEYS */;
UNLOCK TABLES;

--
-- Table structure for table `meny`
--

DROP TABLE IF EXISTS `meny`;
/*!40101 SET @saved_cs_client     = @@character_set_client */;
/*!40101 SET character_set_client = utf8 */;
CREATE TABLE `meny` (
  `mena` varchar(5) DEFAULT NULL,
  `popis` varchar(100) DEFAULT NULL
) ENGINE=InnoDB DEFAULT CHARSET=utf8mb4 COLLATE=utf8mb4_general_ci;
/*!40101 SET character_set_client = @saved_cs_client */;

--
-- Dumping data for table `meny`
--

LOCK TABLES `meny` WRITE;
/*!40000 ALTER TABLE `meny` DISABLE KEYS */;
INSERT INTO `meny` VALUES ('CZK','česká koruna'),('EUR','euro'),('BGN','bulharský lev'),('DKK','dánská koruna'),('ISK','islandská koruna'),('TRY','turecká lira'),('CHF','švýcarský frank'),('HUF','maďarský forint'),('RON','rumunský lei'),('GBP','libra šterlinků'),('USD','americký dolar'),('CAD','kanadský dolar'),('PLN','polský zlotý');
/*!40000 ALTER TABLE `meny` ENABLE KEYS */;
UNLOCK TABLES;

--
-- Table structure for table `pichacky`
--

DROP TABLE IF EXISTS `pichacky`;
/*!40101 SET @saved_cs_client     = @@character_set_client */;
/*!40101 SET character_set_client = utf8 */;
CREATE TABLE `pichacky` (
  `id` int(11) NOT NULL AUTO_INCREMENT,
  `klub_id` int(11) DEFAULT NULL,
  `umelec_id` int(11) DEFAULT NULL,
  `cas` datetime DEFAULT NULL,
  `stav` varchar(10) DEFAULT NULL,
  PRIMARY KEY (`id`)
) ENGINE=InnoDB AUTO_INCREMENT=28 DEFAULT CHARSET=utf8mb4 COLLATE=utf8mb4_general_ci;
/*!40101 SET character_set_client = @saved_cs_client */;

--
-- Dumping data for table `pichacky`
--

LOCK TABLES `pichacky` WRITE;
/*!40000 ALTER TABLE `pichacky` DISABLE KEYS */;
INSERT INTO `pichacky` VALUES (1,1,29,'2023-03-05 16:43:55','start'),(3,20,29,'2023-03-08 16:35:55','start'),(7,1,29,'2023-03-10 14:36:46','stop'),(8,1,29,'2023-03-10 16:26:16','start'),(9,1,29,'2023-03-10 21:16:43','start'),(10,1,29,'2023-03-10 21:18:53','stop'),(11,1,29,'2023-03-11 01:03:11','start'),(12,1,29,'2023-03-11 01:27:25','stop'),(13,1,29,'2023-03-11 01:27:33','start'),(14,1,29,'2023-03-11 01:33:06','start'),(21,1,29,'2023-03-11 03:10:27','stop'),(22,1,29,'2023-03-11 03:11:17','start'),(23,1,36,'2023-03-12 06:23:10','start'),(24,1,36,'2023-03-12 08:33:15','stop'),(25,1,29,'2023-03-12 08:37:10','stop'),(26,1,36,'2023-03-12 08:57:31','start'),(27,1,29,'2023-03-12 09:22:53','start');
/*!40000 ALTER TABLE `pichacky` ENABLE KEYS */;
UNLOCK TABLES;

--
-- Table structure for table `provize`
--

DROP TABLE IF EXISTS `provize`;
/*!40101 SET @saved_cs_client     = @@character_set_client */;
/*!40101 SET character_set_client = utf8 */;
CREATE TABLE `provize` (
  `id` int(11) NOT NULL AUTO_INCREMENT,
  `klub_id` int(11) DEFAULT NULL,
  `barman_id` int(11) DEFAULT NULL,
  `umelec_id` int(11) DEFAULT NULL,
  `polozka_id` int(11) DEFAULT NULL,
  `popis` varchar(100) DEFAULT NULL,
  `cas` datetime DEFAULT NULL,
  `castka` decimal(6,2) DEFAULT NULL,
  `mena` varchar(5) DEFAULT NULL,
  `doklad` varchar(12) DEFAULT NULL,
  PRIMARY KEY (`id`)
) ENGINE=InnoDB AUTO_INCREMENT=54 DEFAULT CHARSET=utf8mb4 COLLATE=utf8mb4_general_ci;
/*!40101 SET character_set_client = @saved_cs_client */;

--
-- Dumping data for table `provize`
--

LOCK TABLES `provize` WRITE;
/*!40000 ALTER TABLE `provize` DISABLE KEYS */;
INSERT INTO `provize` VALUES (1,1,27,29,13,'láhev champ. 4','2023-03-08 05:06:08',100.00,'EUR','1'),(2,1,27,29,5,'privátní tanec 10 full','2023-03-08 05:15:03',20.00,'EUR','1'),(3,1,27,29,6,'privátní tanec 20 full','2023-03-08 14:42:35',30.00,'EUR','1'),(4,20,33,29,15,'privátní tanec 5 full','2023-03-08 16:51:00',10.00,'EUR','23'),(5,20,33,29,15,'privátní tanec 5 full','2023-03-08 16:51:04',10.00,'EUR','23'),(6,20,33,29,16,'flaška 1','2023-03-08 16:54:18',100.00,'EUR','23'),(7,1,35,29,5,'privátní tanec 10 full','2023-03-08 17:02:22',20.00,'EUR','1'),(8,1,35,29,9,'lady drink 2','2023-03-08 17:02:39',1.70,'EUR','1'),(9,1,27,29,5,'privátní tanec 10 full','2023-03-09 13:00:52',20.00,'EUR','1'),(10,1,27,29,4,'privátní tanec 5 full','2023-03-09 13:10:00',10.00,'EUR','1'),(11,1,27,29,4,'privátní tanec 5 full','2023-03-09 13:16:16',10.00,'EUR','1'),(12,1,27,29,9,'lady drink 2','2023-03-09 13:16:28',1.70,'EUR','1'),(13,1,27,29,11,'láhev champ. 2','2023-03-09 13:17:31',20.00,'EUR','1'),(14,1,27,29,4,'privátní tanec 5 full','2023-03-09 13:20:25',10.00,'EUR','1'),(15,1,27,29,4,'privátní tanec 5 full','2023-03-09 13:22:46',10.00,'EUR','1'),(16,1,27,29,4,'privátní tanec 5 full','2023-03-09 14:33:58',10.00,'EUR','1'),(17,1,27,29,13,'láhev champ. 4','2023-03-09 14:34:13',100.00,'EUR','1'),(18,1,27,29,10,'láhev champ. 1','2023-03-09 16:31:02',4.00,'EUR','1'),(19,1,27,29,4,'privátní tanec 5 full','2023-03-09 21:24:03',10.00,'EUR','1'),(20,1,27,29,11,'láhev champ. 2','2023-03-10 14:35:35',20.00,'EUR','2'),(21,1,27,29,5,'privátní tanec 10 full','2023-03-10 16:26:51',20.00,'EUR','4'),(22,1,27,29,9,'lady drink 2','2023-03-10 16:26:59',1.70,'EUR','4'),(23,1,27,29,9,'lady drink 2','2023-03-10 21:18:01',1.70,'EUR','6'),(24,1,27,29,12,'láhev champ. 3','2023-03-10 21:18:14',30.00,'EUR','6'),(25,1,27,29,7,'sklenička sektu','2023-03-11 03:05:38',0.85,'EUR','7'),(26,1,27,29,11,'láhev champ. 2','2023-03-11 03:09:27',20.00,'EUR','7'),(27,1,27,29,6,'privátní tanec 20 full','2023-03-11 13:33:59',30.00,'EUR','12'),(28,1,27,36,4,'privátní tanec 5 full','2023-03-12 06:28:43',10.00,'EUR','14'),(29,1,27,36,8,'lady drink 1','2023-03-12 06:28:52',1.30,'EUR','14'),(30,1,27,29,9,'lady drink 2','2023-03-12 06:29:12',1.70,'EUR','13'),(31,1,27,29,9,'lady drink 2','2023-03-12 06:29:14',1.70,'EUR','13'),(32,1,27,29,11,'láhev champ. 2','2023-03-12 06:29:22',20.00,'EUR','13'),(33,1,27,29,5,'privátní tanec 10 full','2023-03-12 08:36:55',20.00,'EUR','15'),(34,1,27,36,7,'sklenička sektu','2023-03-12 08:58:02',0.85,'EUR',NULL),(36,1,27,36,10,'láhev champ. 1','2023-03-12 17:23:28',4.00,'EUR',NULL),(37,1,27,36,11,'láhev champ. 2','2023-03-12 17:23:36',20.00,'EUR',NULL),(38,1,27,29,8,'lady drink 1','2023-03-12 17:24:14',1.30,'EUR','16'),(39,1,27,29,8,'lady drink 1','2023-03-12 17:24:31',1.30,'EUR','16'),(41,1,27,29,12,'láhev champ. 3','2023-03-13 11:57:39',30.00,'EUR','16'),(42,1,27,29,13,'láhev champ. 4','2023-03-13 12:01:07',100.00,'EUR','17'),(43,1,27,29,13,'láhev champ. 4','2023-03-13 12:03:00',100.00,'EUR','18'),(45,1,27,29,13,'láhev champ. 4','2023-03-13 12:06:53',100.00,'EUR','20'),(46,1,27,29,13,'láhev champ. 4','2023-03-13 12:14:51',100.00,'EUR','21'),(47,1,27,29,99999,'Transakční poplatek','2023-03-13 12:15:02',-1.00,'EUR','22'),(48,1,27,29,5,'privátní tanec 10 full','2023-03-13 12:16:55',20.00,'EUR','22'),(50,1,27,29,13,'láhev champ. 4','2023-03-13 12:31:06',100.00,'EUR','23'),(51,1,27,29,99999,'Transakční poplatek','2023-03-13 12:34:28',-1.00,'EUR','23'),(52,1,27,29,11,'láhev champ. 2','2023-03-13 12:36:24',20.00,'EUR',NULL),(53,1,27,29,6,'privátní tanec 20 full','2023-03-13 12:41:17',30.00,'EUR',NULL);
/*!40000 ALTER TABLE `provize` ENABLE KEYS */;
UNLOCK TABLES;

--
-- Table structure for table `proviznipolozky`
--

DROP TABLE IF EXISTS `proviznipolozky`;
/*!40101 SET @saved_cs_client     = @@character_set_client */;
/*!40101 SET character_set_client = utf8 */;
CREATE TABLE `proviznipolozky` (
  `id` int(11) NOT NULL AUTO_INCREMENT,
  `klub_id` int(11) DEFAULT NULL,
  `aktivni` tinyint(1) DEFAULT NULL,
  `obrazek` varchar(128) DEFAULT NULL,
  `popis` varchar(100) DEFAULT NULL,
  `castka` decimal(6,2) DEFAULT NULL,
  `mena` varchar(5) DEFAULT NULL,
  PRIMARY KEY (`id`)
) ENGINE=InnoDB AUTO_INCREMENT=30 DEFAULT CHARSET=utf8mb4 COLLATE=utf8mb4_general_ci;
/*!40101 SET character_set_client = @saved_cs_client */;

--
-- Dumping data for table `proviznipolozky`
--

LOCK TABLES `proviznipolozky` WRITE;
/*!40000 ALTER TABLE `proviznipolozky` DISABLE KEYS */;
INSERT INTO `proviznipolozky` VALUES (4,1,1,'img/menu/1dance.png','privátní tanec 5 full',10.00,'EUR'),(5,1,1,'img/menu/2dance.png','privátní tanec 10 full',20.00,'EUR'),(6,1,1,'img/menu/3dance.png','privátní tanec 20 full',30.00,'EUR'),(7,1,1,'img/menu/drink1.png','sklenička sektu',0.85,'EUR'),(8,1,1,'img/menu/kokteil1.png','lady drink 1',1.30,'EUR'),(9,1,1,'img/menu/kokteil2.png','lady drink 2',1.70,'EUR'),(10,1,1,'img/menu/bottle1.png','láhev champ. 1',4.00,'EUR'),(11,1,1,'img/menu/bottle2.png','láhev champ. 2',20.00,'EUR'),(12,1,1,'img/menu/bottle3.png','láhev champ. 3',30.00,'EUR'),(13,1,1,'img/menu/bottle4.png','láhev champ. 4',100.00,'EUR'),(15,20,1,'img/menu/1dance.png','privátní tanec 5 full',10.00,'EUR'),(16,20,1,'img/menu/bottle4.png','flaška 1',100.00,'EUR'),(20,4,1,'img/menu/kokteil1.png','drink1',99.00,'CZK'),(21,4,1,'img/menu/1dance.png','Privátní tanec 10 min.',999.00,'CZK'),(22,22,1,'img/menu/1dance.png','private dance 1',50.00,'EUR'),(23,22,1,'img/menu/kokteil1.png','lady drink 1',50.00,'EUR');
/*!40000 ALTER TABLE `proviznipolozky` ENABLE KEYS */;
UNLOCK TABLES;

--
-- Table structure for table `uctenka`
--

DROP TABLE IF EXISTS `uctenka`;
/*!40101 SET @saved_cs_client     = @@character_set_client */;
/*!40101 SET character_set_client = utf8 */;
CREATE TABLE `uctenka` (
  `id` int(11) NOT NULL AUTO_INCREMENT,
  `umelec_id` int(11) DEFAULT NULL,
  `cas` datetime DEFAULT NULL,
  `barman_id` int(11) DEFAULT NULL,
  PRIMARY KEY (`id`)
) ENGINE=InnoDB AUTO_INCREMENT=24 DEFAULT CHARSET=utf8mb4 COLLATE=utf8mb4_general_ci;
/*!40101 SET character_set_client = @saved_cs_client */;

--
-- Dumping data for table `uctenka`
--

LOCK TABLES `uctenka` WRITE;
/*!40000 ALTER TABLE `uctenka` DISABLE KEYS */;
INSERT INTO `uctenka` VALUES (1,29,'2023-03-10 09:43:20',27),(2,29,'2023-03-10 14:36:46',27),(3,29,'2023-03-10 16:27:33',27),(4,29,'2023-03-10 17:38:09',27),(5,29,'2023-03-10 21:18:53',27),(6,29,'2023-03-11 02:34:59',27),(7,29,'2023-03-11 03:10:03',27),(8,29,'2023-03-11 03:10:13',27),(9,29,'2023-03-11 03:10:27',27),(10,29,'2023-03-11 13:34:28',27),(11,29,'2023-03-11 20:33:54',27),(12,29,'2023-03-11 20:41:51',27),(13,29,'2023-03-12 08:31:56',27),(14,36,'2023-03-12 08:33:15',27),(15,29,'2023-03-12 08:37:10',27),(16,29,'2023-03-13 11:58:12',27),(17,29,'2023-03-13 12:01:22',27),(18,29,'2023-03-13 12:03:12',27),(19,29,'2023-03-13 12:07:06',27),(20,29,'2023-03-13 12:09:16',27),(21,29,'2023-03-13 12:15:02',27),(22,29,'2023-03-13 12:17:05',27),(23,29,'2023-03-13 12:34:28',27);
/*!40000 ALTER TABLE `uctenka` ENABLE KEYS */;
UNLOCK TABLES;

--
-- Table structure for table `users`
--

DROP TABLE IF EXISTS `users`;
/*!40101 SET @saved_cs_client     = @@character_set_client */;
/*!40101 SET character_set_client = utf8 */;
CREATE TABLE `users` (
  `id` int(11) NOT NULL AUTO_INCREMENT,
  `username` varchar(30) DEFAULT NULL,
  `club` varchar(6) DEFAULT NULL,
  `password` varchar(55) DEFAULT NULL,
  `email` varchar(255) DEFAULT NULL,
  `admin` varchar(1) DEFAULT NULL,
  PRIMARY KEY (`id`),
  UNIQUE KEY `UC_users` (`username`)
) ENGINE=InnoDB AUTO_INCREMENT=46 DEFAULT CHARSET=utf8mb4 COLLATE=utf8mb4_general_ci;
/*!40101 SET character_set_client = @saved_cs_client */;

--
-- Dumping data for table `users`
--

LOCK TABLES `users` WRITE;
/*!40000 ALTER TABLE `users` DISABLE KEYS */;
INSERT INTO `users` VALUES (1,'tonda',NULL,'M0E4NzI4MzNhODcyODM','antoninecer@gmail.com','Y'),(2,'perina',NULL,'SGVzbG8xMjM0NQ','honza.perina@gmail.com','Y'),(4,'tanecnice1',NULL,'a3VuZGE','kunda@kunda.eu','U'),(21,'testovaciuzivatel','','MTIzNDU2','test@test.cz','U'),(22,'HlavníSuper','','c3VwZXJzdXBlcg','hlavnisuper@hovno.cz','S'),(23,'BWL-Lord@web.de','MelPtg','MTIzNDU','BWL-Lord@web.de','S'),(25,'Michal','AngBla','MTIzNDU','michalgalek1@gmail.com','S'),(27,'barman1','AngBla','YmFy','antoninecer@gmail.com','B'),(28,'super1','AngBla','c3VwZXI','antonin.ecer@centrum.cz','S'),(29,'kravka','AngBla','cGljYQ','antonin.ecer@centrum.cz','U'),(32,'superD','MelPtg','MTIzNDU','-','S'),(33,'barman1MelPtg','MelPtg','MTIzNDU','','B'),(34,'umelkyne1','','a3VuZGE','seton75@seznam.cz','U'),(36,'telatko','AngBla','cGljYQ','antonin.ecer@centrum.cz','U'),(37,'Svetlana','PamPlz','dGFuZWNuaWJhcg','tanecnibar@email.cz','S'),(39,'dancer1','PamPlz','ZGFuY2VyMQ','dancer1','U'),(40,'barplz2','PamPlz','YmFycGx6Mg','barplz2','B'),(41,'Nikita','CrzUgl','QWRvbGY','','S'),(42,'dancerisch1','CrzUgl','ZGFuY2VyaXNjaDE','dancerisch1@hovno.at','U'),(43,'barisch1','CrzUgl','YmFyaXNjaDE','barman1@klub.at','B'),(45,'barman2','AngBla','aGVzbG8','email@email.com','B');
/*!40000 ALTER TABLE `users` ENABLE KEYS */;
UNLOCK TABLES;
/*!40103 SET TIME_ZONE=@OLD_TIME_ZONE */;

/*!40101 SET SQL_MODE=@OLD_SQL_MODE */;
/*!40014 SET FOREIGN_KEY_CHECKS=@OLD_FOREIGN_KEY_CHECKS */;
/*!40014 SET UNIQUE_CHECKS=@OLD_UNIQUE_CHECKS */;
/*!40101 SET CHARACTER_SET_CLIENT=@OLD_CHARACTER_SET_CLIENT */;
/*!40101 SET CHARACTER_SET_RESULTS=@OLD_CHARACTER_SET_RESULTS */;
/*!40101 SET COLLATION_CONNECTION=@OLD_COLLATION_CONNECTION */;
/*!40111 SET SQL_NOTES=@OLD_SQL_NOTES */;

-- Dump completed on 2023-03-13 23:20:50
